db_id,entry_id,num
sense_d7e72,entry_g0ybyn,
sense_d8e72,entry_razy_2,
sense_d12e69,entry_æx,
sense_d17e72,entry_byron,
sense_d21e72,entry_ærx,
sense_d29e71,entry_læʒæg,
sense_d32e69,entry_ivar,
sense_d34e72,entry_adli,
sense_d36e72,entry_7rdyston,
sense_d37e74,entry_razamynd,
sense_d42e76,entry_mīzyn,1
sense_d42e127,entry_mīzyn,2
sense_d43e72,entry_kʼ0ybyr,
sense_d50e72,entry_mūsong,
sense_d52e69,entry_barz,
sense_d61e72,entry_bynʒar,
sense_d63e72,entry_fæsʒæwīn,
sense_d72e74,entry_lædær,
sense_d74e72,entry_fænd,
sense_d79e72,entry_fændiag,
sense_d87e69,entry_æʒællag,
sense_d88e85,entry_ændīʒyn,
sense_d91e74,entry_rwajyn,
sense_d96e69,entry_ævdasarm,
sense_d98e71,entry_īnnæ,
sense_d99e75,entry_berinʒun,
sense_d102e69,entry_lopʼo,
sense_d103e72,entry_gærtam,
sense_d105e69,entry_ræstmæ,
sense_baryn.1,entry_baryn,1
sense_d108e71,entry_razængard,
sense_d121e72,entry_ræz_2,
sense_d122e72,entry_ægongæj,
sense_d129e69,entry_dæxī,
sense_d134e69,entry_mīnævar,
sense_d146e74,entry_pæskʼu,
sense_d148e72,entry_mængættæ,
sense_d152e72,entry_axær,
sense_d158e78,entry_ævzīdun,
sense_d160e72,entry_madta,
sense_d177e72,entry_aldymbyd,
sense_d181e74,entry_ædemonæj,
sense_d187e69,entry_arx,
sense_d190e78,entry_læxūryn,
sense_d191e69,entry_artæn,
sense_d194e69,entry_max,
sense_d196e76,entry_ǵīwyn,
sense_d199e76,entry_æxxæssyn,
sense_d203e72,entry_īwvazyg,
sense_d211e72,entry_bylyzdūx,
sense_d213e69,entry_cam,
sense_d218e72,entry_cʼass,
sense_d222e72,entry_ḱesena,
sense_d229e80,entry_7ǧzælyn,
sense_d232e72,entry_barqom,
sense_d234e69,entry_narst,
sense_d238e72,entry_irux,
sense_d239e72,entry_bal_2,
sense_d248e76,entry_nyxasyn,
sense_d249e72,entry_ḱʼīrī,
sense_d250e69,entry_nad_1,
sense_d263e72,entry_dūǧwat,
sense_d273e72,entry_q0ymyz,
sense_d274e72,entry_mælʒoj,
sense_d275e72,entry_kʼæmʒæstyg,
sense_d276e72,entry_ardwan,
sense_d277e69,entry_dæræn,
sense_d278e76,entry_ævzyjyn,
sense_d280e69,entry_fælaxs,
sense_d291e74,entry_læggad,
sense_d294e76,entry_otemæj,
sense_d296e76,entry_aræxsyn,
sense_byrsyn.1,entry_byrsyn,1
sense_byrsyn.2,entry_byrsyn,2
sense_d301e69,entry_nælæstæg,
sense_d302e69,entry_gojmag,
sense_d305e74,entry_ræsaʒun,
sense_d307e69,entry_artʒæst,
sense_d312e72,entry_īsḱī,
sense_d316e82,entry_raǵy,2
sense_d317e74,entry_axwyrsyn,
sense_d323e74,entry_kærzyn,
sense_æmbælyn.1,entry_æmbælyn,1
sense_æmbælyn.2,entry_æmbælyn,2
sense_d330e72,entry_ḱys,
sense_d332e76,entry_rædūvyn,
sense_d338e76,entry_īvyn,
sense_d344e78,entry_raxīz,
sense_d346e72,entry_bædūl,
sense_d347e71,entry_ragaǧommæ,
sense_d349e74,entry_kʼærnyx,
sense_d353e72,entry_boqqwyr,
sense_d360e74,entry_ræsyd,
sense_d365e76,entry_amonyn,
sense_d367e74,entry_ḱīnyg,
sense_d368e93,entry_dombaj,
sense_d373e72,entry_bydyrǧ,
sense_d376e72,entry_cʼærna,
sense_d377e76,entry_īvtynʒyn,
sense_d380e69,entry_farsmæ,
sense_d384e72,entry_ræmon,
sense_d385e69,entry_æfsapʽæ,
sense_d386e76,entry_qakkænæg,
sense_d393e69,entry_maǧz,
sense_d395e69,entry_gal,
sense_d398e69,entry_ænakkag,
sense_d405e72,entry_æftawc,
sense_d410e74,entry_qættyx,
sense_d412e72,entry_kʼ0ydipp,
sense_d413e69,entry_ævzyǧd,
sense_d420e72,entry_cʼænūd,
sense_d427e69,entry_margas,
sense_d429e72,entry_īwg0yr,
sense_d432e72,entry_fydmi,
sense_d436e69,entry_kard,
sense_d447e72,entry_ajwan,
sense_d449e74,entry_qæsdaræg,
sense_d455e72,entry_ḱysyl,
sense_d456e74,entry_qyggag,1
sense_d456e94,entry_qyggag,2
sense_d457e72,entry_rwaǵy,1
sense_d457e94,entry_rwaǵy,2
sense_d459e76,entry_7rxæw,
sense_d468e72,entry_7rx0ym,
sense_d470e74,entry_læǧuz,
sense_d471e69,entry_nana,
sense_d479e74,entry_næj_2,
sense_d480e72,entry_axsǵiag,
sense_d484e72,entry_cʼæj,
sense_d491e74,entry_7rtæsyfon,
sense_d498e72,entry_gævzykk,
sense_d504e76,entry_fælǧawyn,
sense_d506e69,entry_kʼæpp,
sense_d511e72,entry_k0yvd,
sense_d514e74,entry_ronʒ,
sense_d515e69,entry_bærzond,
sense_d516e72,entry_ræxǵy,
sense_d517e69,entry_ævraǧ,
sense_d521e69,entry_bæræg,
sense_d521e98,entry_bæræg,
sense_d527e72,entry_kʼalīw,
sense_d531e72,entry_ævzær,
sense_d549e74,entry_nætyn,
sense_d554e74,entry_ræwæxsun,
sense_d558e72,entry_ḱeǧre,
sense_d563e72,entry_næzy,
sense_d565e74,entry_ræmun,
sense_d566e72,entry_gæræn,
sense_d569e69,entry_færssag,
sense_d573e69,entry_kʼobor,
sense_d574e72,entry_kʼ0ypx,
sense_d580e72,entry_ændævyn,
sense_d581e72,entry_ǵelbet,
sense_d584e71,entry_ragmard,
sense_d588e69,entry_ærdxæræn,
sense_d589e72,entry_kʼaxyr,
sense_d592e76,entry_qaryn_2,
sense_d592e101,entry_qaryn_2,
sense_d595e76,entry_īvǧ0yjyn,
sense_d610e72,entry_nas,
sense_ǧud.1,entry_ǧud,1
sense_d613e72,entry_mælæty,
sense_d615e76,entry_kūsyn,
sense_d618e72,entry_Majræm,
sense_d622e74,entry_byzǧ0yr,
sense_d628e69,entry_bærgæ,
sense_d629e69,entry_cawd,
sense_d631e74,entry_fæsmærun,
sense_d634e74,entry_læqqīr,
sense_d635e72,entry_nal_1,
sense_d638e72,entry_ataǧa,
sense_d639e72,entry_izaznæ,
sense_d642e72,entry_becykk,
sense_d645e76,entry_ændæʒyn,
sense_d647e69,entry_æmbatæ,
sense_d649e72,entry_cʼynda,
sense_d653e74,entry_7rdyn,
sense_d658e76,entry_ræzyn,
sense_d659e72,entry_myzd,
sense_d665e72,entry_qædærmæg,
sense_d666e72,entry_ʒyg0yr,
sense_d669e72,entry_būr,
sense_d671e74,entry_kʼ0ylympy,
sense_d675e76,entry_æmpʼūzyn,
sense_d677e69,entry_dadæg,
sense_d680e69,entry_kʼalati,
sense_d682e69,entry_æstæj,
sense_d685e80,entry_nymæxsyn,
sense_d686e80,entry_īvxærsyn,
sense_d687e76,entry_æwwærdyn,
sense_d689e69,entry_gæbær,
sense_d691e69,entry_kʼælæt,
sense_d692e80,entry_nywærdyn,
sense_d697e72,entry_kærī,
sense_d698e72,entry_dæsny,
sense_d699e76,entry_ænkʼaryn,
sense_d701e69,entry_mængæfson,
sense_d702e72,entry_kʼæm,
sense_d704e74,entry_ḱysæ,
sense_d712e72,entry_mæxī,
sense_d713e72,entry_bynton,
sense_d714e74,entry_byrynkʼ,
sense_d715e76,entry_æmbæxsyn,
sense_d719e72,entry_fūrd,
sense_d720e74,entry_fæste,
sense_d725e72,entry_æmxīc,
sense_d726e76,entry_kīwyn,
sense_d727e72,entry_ævīppajdy,
sense_d737e72,entry_ævǵīd,
sense_d741e74,entry_mīdægæj,
sense_d747e72,entry_gom_2,
sense_d750e76,entry_ævzaryn,
sense_fos.2,entry_fos,2
sense_d767e76,entry_ræwæd,
sense_d768e71,entry_ragon,
sense_d769e72,entry_fydbon,
sense_d770e69,entry_axæst,
sense_d776e72,entry_aǧūd,
sense_d777e72,entry_fæstærdæm,
sense_d785e72,entry_dælarm,
sense_d786e69,entry_cæxær,
sense_d791e76,entry_rætawyn,
sense_d795e72,entry_fælxor,
sense_d797e76,entry_ræmūʒyn,
sense_d798e69,entry_ærd-,
sense_d801e74,entry_gærkʼærag,
sense_d811e72,entry_byǧdæg,
sense_d817e76,entry_æxkænyn,
sense_d819e69,entry_bazar,
sense_d821e74,entry_lægsyrd,
sense_d827e74,entry_nysan,1
sense_d827e149,entry_nysan,2
sense_d829e72,entry_dærzæg,
sense_d833e69,entry_kʼodax,
sense_d836e76,entry_rædæʒun,
sense_d837e72,entry_bæqæ,
sense_d846e72,entry_fīsyn,
sense_d847e72,entry_cæm,
sense_d852e72,entry_æxcon,
sense_d855e69,entry_ægænon,
sense_d856e71,entry_læskær,
sense_d858e74,entry_noǵy,
sense_d860e72,entry_liaǧæ,
sense_d861e72,entry_īskæj,
sense_d862e72,entry_bæǧatyr,
sense_d865e72,entry_æmxæcæj,
sense_d869e72,entry_g0yrʒy,
sense_d871e76,entry_ænkʼūsyn,
sense_d875e72,entry_bajbyn,
sense_d877e72,entry_qūl,
sense_d878e72,entry_bystæǵy,
sense_d879e69,entry_kʼæʒæx,
sense_d882e72,entry_kʼæsx0yr,
sense_d887e72,entry_fydfyn,
sense_d887e92,entry_fydfyn,
sense_d889e72,entry_qwag,
sense_d893e72,entry_ængom,
sense_d895e69,entry_æncad,
sense_d899e69,entry_darī,
sense_d904e72,entry_k0yr_1,
sense_d906e74,entry_orsalist6æ9,
sense_d912e71,entry_lævar,
sense_d913e74,entry_kʼiʒix,
sense_d922e72,entry_madæl,
sense_d925e72,entry_qællæǧ,
sense_d930e78,entry_lædaryn,
sense_d938e72,entry_k0ynæg,
sense_d939e72,entry_kʼūxylxæcæg,
sense_d940e72,entry_mi,
sense_d944e72,entry_q0ymbyl,
sense_d951e72,entry_kʼūʒī,
sense_d961e76,entry_nærsyn,
sense_d963e74,entry_pumpusi,
sense_d965e74,entry_æzdirxun,
sense_d980e72,entry_æmtʼery,
sense_d981e69,entry_ænkʼard,
sense_d990e72,entry_azym,
sense_agajyn.1,entry_agajyn,1
sense_agajyn.2,entry_agajyn,2
sense_d993e72,entry_roxsnæg,
sense_d999e69,entry_falgæron,
sense_d1000e78,entry_rīzyn,
sense_d1003e72,entry_fælloj,
sense_d1004e74,entry_axsyn_2,
sense_d1006e69,entry_gæsgæ,
sense_d1016e76,entry_ævdærzyn,
sense_d1017e74,entry_fexsujun,
sense_d1019e72,entry_qælærʒy,
sense_d1029e72,entry_kad,
sense_d1033e72,entry_mækʼ0ystæg,
sense_d1035e72,entry_fæxsyn,
sense_d1038e72,entry_kʼæs,
sense_d1039e69,entry_mojag,
sense_d1041e72,entry_ilæ,
sense_d1047e76,entry_rajyn,1
sense_d1048e69,entry_fæs-,
sense_d1050e74,entry_kʼord,
sense_d1052e72,entry_færnǵyn,
sense_d1055e69,entry_nælgojmag,
sense_d1058e74,entry_ʒawma,
sense_d1064e72,entry_ræftad,
sense_d1068e69,entry_cængæt,
sense_d1083e76,entry_kʼaxyn,
sense_d1085e72,entry_kʼ0yldym,
sense_d1092e72,entry_qædgæs,
sense_d1100e82,entry_fyd_3,
sense_d1103e72,entry_dæncæ,
sense_d1104e69,entry_qajmæt,
sense_d1117e72,entry_kadæg,
sense_d1121e76,entry_rædyvsyn,
sense_d1122e72,entry_g0yrysxo,
sense_d1123e69,entry_qalon,
sense_d1133e72,entry_qīs,
sense_d1143e69,entry_æppyn6dær9,
sense_d1145e72,entry_æræǵyjaw,
sense_d1147e74,entry_ræstʒīnad,
sense_d1152e72,entry_nyx_1,
sense_d1153e69,entry_qumbara,
sense_d1154e74,entry_opopa,
sense_d1160e69,entry_alæmæt,
sense_d1163e76,entry_læsīd,
sense_d1164e74,entry_axoryn,
sense_d1176e69,entry_ærdæbon,
sense_d1183e72,entry_ævæǵiaw,
sense_d1185e69,entry_kærkæ-mærkæ,
sense_d1186e72,entry_kʼannæg,
sense_d1194e72,entry_7fsæjnag,
sense_d1198e72,entry_cʼæxaxst,
sense_d1202e71,entry_kʼæppæg,
sense_d1204e71,entry_ræstag,
sense_d1211e72,entry_ænyg0ys,
sense_d1222e74,entry_dærǧvætin,
sense_d1234e80,entry_7ǧzalyn,
sense_d1235e69,entry_cʼæmæltæ,
sense_d1254e76,entry_arazyn,
sense_d1255e72,entry_fajnūst,
sense_d1265e72,entry_cʼyna,
sense_d1268e72,entry_cybæl,
sense_d1271e72,entry_kærz,
sense_d1278e69,entry_aqæl,
sense_d1285e72,entry_emynæ,
sense_d1287e72,entry_qūs,
sense_d1289e76,entry_æmbūxyn,
sense_d1290e74,entry_pavzæ,
sense_d1295e72,entry_fyddær,
sense_d1299e69,entry_kataj,
sense_d1301e72,entry_ḱʼyllipp,
sense_d1304e76,entry_bællyn,
sense_d1324e74,entry_pisi,
sense_d1326e72,entry_nyxstwat,
sense_d1331e69,entry_qaitar,
sense_d1335e72,entry_q0yntʼyz,
sense_d1339e72,entry_g0yzavæ,
sense_d1345e69,entry_kalm,
sense_d1358e76,entry_līʒyn,
sense_d1359e71,entry_cʼyrcʼyrag,
sense_d1363e72,entry_kʼ0ymbyl,
sense_d1372e69,entry_8mon,
sense_d1373e72,entry_lwasi,
sense_d1375e69,entry_mælǧævzag,
sense_d1376e72,entry_æg0yʒæg,
sense_d1378e76,entry_fadyn_1,
sense_d1379e71,entry_pajda,
sense_d1384e72,entry_dyzærdyg,
sense_d1385e69,entry_æznæt,
sense_d1387e72,entry_fydx0yz,
sense_d1392e72,entry_ævæʒa,
sense_d1393e72,entry_mænærǧ,
sense_d1395e72,entry_fydox,
sense_d1396e74,entry_fydgūl,
sense_d1401e72,entry_qædūr,
sense_d1404e72,entry_fyldær,
sense_d1408e69,entry_næma,
sense_dymyn.1,entry_dymyn,1
sense_fæzǧær.1,entry_fæzǧær,1
sense_dam.1,entry_dam,1
sense_dam.2,entry_dam,2
sense_d1413e69,entry_bel,
sense_d1425e72,entry_ægas,
sense_d1430e72,entry_fadnīz,
sense_d1433e72,entry_kʼ0yrtt_2,
sense_d1440e76,entry_cæfsyn_2,
sense_d1442e72,entry_īx,
sense_d1443e76,entry_lædærun,
sense_d1445e76,entry_dymsyn,
sense_d1454e72,entry_mūs,
sense_d1455e92,entry_qanʒal,3
sense_d1457e102,entry_mæsunʒæg,
sense_d1458e74,entry_qacyn,
sense_d1459e69,entry_fætæn,
sense_bundor.1,entry_bundor,1
sense_d1473e74,entry_æncʼūlyn,
sense_d1476e72,entry_fælg0yr,
sense_d1477e72,entry_mærxæg,
sense_d1478e72,entry_dymæg,
sense_d1482e72,entry_dyzǧ0yn,
sense_d1485e72,entry_nyfs,
sense_d1486e69,entry_qælæba,
sense_d1491e69,entry_daræs,
sense_d1493e72,entry_mīd-,
sense_d1503e69,entry_bonræfty,
sense_d1505e69,entry_fīdawc,
sense_d1509e72,entry_mūr,
sense_d1512e69,entry_ærmæst,
sense_d1513e72,entry_æntojnæ,
sense_d1514e72,entry_mæskʼ_3,
sense_d1518e72,entry_bælvyrd,
sense_d1519e69,entry_armukʼa,
sense_d1522e72,entry_qyllist,
sense_d1523e72,entry_mæcʼīs,
sense_d1526e69,entry_7rxændæg,
sense_d1527e74,entry_fīdīwæg,
sense_d1528e76,entry_qadaman,
sense_d1532e72,entry_mængūd,
sense_d1536e69,entry_kʼaj,
sense_d1540e76,entry_q0ysyn,
sense_d1541e74,entry_fydbylyz,
sense_d1547e72,entry_nīk0y,
sense_d1551e72,entry_ni,
sense_d1555e72,entry_7rǧiw,
sense_d1565e72,entry_qotyr,
sense_d1567e72,entry_ir,
sense_d1568e72,entry_mætatyk,
sense_d1576e72,entry_færæz,
sense_d1579e74,entry_ævīrqaw,
sense_d1582e74,entry_kʼ0ybar,
sense_d1584e71,entry_padcax,
sense_d1585e72,entry_Mady_Majræm,
sense_d1586e72,entry_app,
sense_d1591e69,entry_dælærdygæj,
sense_d1596e72,entry_imonaw,
sense_d1600e72,entry_qomys,
sense_d1601e72,entry_adag,
sense_d1602e69,entry_dævdæg,
sense_d1608e78,entry_myly,
sense_d1611e72,entry_ḱīnʒī,
sense_d1612e69,entry_qonaqq,
sense_d1617e69,entry_ævzong,
sense_d1621e72,entry_qabyx,
sense_d1624e74,entry_nom,
sense_d1625e72,entry_kæfq0yndar,
sense_d1632e72,entry_pʼyrypʼyf,
sense_d1634e72,entry_cæppūzyr,
sense_d1639e72,entry_īsdūg,
sense_d1641e69,entry_nivaǧæ,
sense_ḱʼīl.1,entry_ḱʼīl,1
sense_d1648e72,entry_gegæ,
sense_d1649e76,entry_æssændyn,
sense_d1652e69,entry_dælfad,
sense_d1653e76,entry_mysyn,1
sense_d1653e142,entry_mysyn,3
sense_d1656e69,entry_ræǧæd,
sense_d1660e72,entry_fæstærdygæj,
sense_d1666e69,entry_ronbæǧd,
sense_d1669e72,entry_cævīddon,
sense_d1671e94,entry_qakkænyn,
sense_d1674e72,entry_q0yvǧan,
sense_d1675e69,entry_dekʼanoz,
sense_d1677e72,entry_qīsyn,1
sense_d1680e74,entry_læsæn,
sense_d1689e72,entry_qulf,
sense_d1695e72,entry_bycæw,
sense_d1697e72,entry_æræǵy,
sense_d1699e71,entry_læǵyqæd,
sense_d1704e76,entry_amæntyn,
sense_d1707e72,entry_nyrtækkæ,
sense_d1710e69,entry_bæstæ,
sense_d1713e76,entry_læmbynæg,
sense_d1717e72,entry_-don_2,
sense_d1718e74,entry_azǧunst,
sense_d1729e72,entry_cyrd,
sense_d1731e72,entry_kʼ0ydīly,
sense_d1733e72,entry_mynḱyn,
sense_d1743e72,entry_ærgom,
sense_d1746e74,entry_æzgewun,
sense_d1747e78,entry_læbyryn,
sense_d1752e72,entry_qycʼy,
sense_d1753e76,entry_ænqælyn,
sense_d1754e72,entry_ʒækkor,
sense_d1756e72,entry_cʼæǧæʒ,
sense_d1770e72,entry_keǧog,
sense_cæǧdyn.3,entry_cæǧdyn,3
sense_d1781e72,entry_ʒebæl,
sense_d1786e69,entry_axsæn,
sense_d1791e72,entry_dærǧ,
sense_d1793e72,entry_qīw,
sense_d1795e76,entry_ævdūzyn,
sense_d1798e72,entry_as,
sense_d1801e72,entry_afon,
sense_d1807e69,entry_næʒæron,
sense_d1810e72,entry_qæbysqæd,
sense_d1811e76,entry_rævdawyn,
sense_d1818e78,entry_mǽnæ,
sense_d1823e74,entry_ḱʼīssa,
sense_d1828e74,entry_iǧændun,
sense_d1833e74,entry_lawyz,
sense_d1835e72,entry_cymæ,
sense_d1839e76,entry_astæryn,
sense_d1842e71,entry_ragæj,
sense_d1844e72,entry_æxxæl,
sense_d1845e71,entry_ralli-balli,
sense_d1848e72,entry_qærmūst,
sense_d1849e84,entry_myzyq,
sense_d1851e72,entry_ʒumard,
sense_d1853e74,entry_lægurmæ,
sense_d1858e69,entry_qarman,
sense_d1860e69,entry_ævast,
sense_d1864e72,entry_fældemæn,
sense_d1877e76,entry_ægærid,
sense_d1883e72,entry_fyr_2,
sense_d1885e72,entry_ʒækʼūl,
sense_d1886e69,entry_ævælmon,
sense_d1889e76,entry_æxsyn_1,
sense_d1891e72,entry_æʒūqom,
sense_d1903e72,entry_ævæʒi,
sense_d1904e69,entry_adæjmag,
sense_d1906e74,entry_neræn,
sense_d1911e69,entry_mondag,
sense_d1912e72,entry_g0yr_1,
sense_d1913e72,entry_æmxasæn,
sense_d1914e72,entry_qædox,
sense_fīdar.1,entry_fīdar,1
sense_d1928e72,entry_ʒatma,
sense_d1932e72,entry_ræzæ,
sense_d1936e86,entry_badyn,
sense_d1942e72,entry_q0yr,
sense_d1946e72,entry_qædgom,
sense_d1947e74,entry_bīræ,
sense_d1949e72,entry_qamyl,
sense_d1952e72,entry_awylty,
sense_d1959e69,entry_qast_1,
sense_d1962e72,entry_īwyI,
sense_d1962e92,entry_īwyI,
sense_d1963e76,entry_rætīǧyn,
sense_d1970e69,entry_bal_1,
sense_d1971e69,entry_cʼæx,
sense_d1976e72,entry_qæstæ_1,1
sense_d1976e92,entry_qæstæ_1,2
sense_d1978e72,entry_kʼubus,
sense_byn_1.1,entry_byn_1,1
sense_d1989e72,entry_q0yrq0yr,
sense_d1991e72,entry_īsk0y,
sense_d1994e72,entry_ræǧaw,
sense_d1997e72,entry_ḱyr,
sense_d1998e72,entry_dong0yron,
sense_d2002e69,entry_fæjnæ,
sense_d2005e69,entry_daǧ,
sense_d2010e72,entry_qaǵǵyn,
sense_d2011e69,entry_farn,
sense_d2013e76,entry_færazyn,
sense_d2015e80,entry_byjyn,
sense_d2016e76,entry_nygænyn,
sense_d2017e72,entry_kʼ0yrtt_1,
sense_d2018e73,entry_omæ,
sense_d2019e69,entry_aʒal,
sense_d2021e72,entry_cʼītī,
sense_d2029e72,entry_æmkʼaj,
sense_d2038e72,entry_kʼ0yllaw,
sense_d2040e72,entry_qom_1,
sense_d2043e69,entry_æncon,
sense_d2051e76,entry_aræzyn,
sense_d2052e78,entry_rædyjyn,
sense_d2054e69,entry_koj,
sense_d2056e72,entry_færcy,
sense_d2058e76,entry_ivajyn,
sense_d2063e69,entry_nalat,
sense_d2064e72,entry_æcæg,
sense_d2068e72,entry_īwnæg,
sense_d2073e85,entry_læbuǧ,
sense_d2079e76,entry_æmpūlyn,
sense_d2081e72,entry_afojnadyl,
sense_d2084e69,entry_gagi,
sense_d2088e74,entry_pūx,
sense_d2092e72,entry_ʒūtt,
sense_d2094e72,entry_qajvan,
sense_d2098e72,entry_q0yn,
sense_d2104e72,entry_kʼæcæl,
sense_d2107e72,entry_axxos,
sense_d2115e79,entry_nard,
sense_d2119e69,entry_mæcʼæl,
sense_d2120e72,entry_cæl,
sense_d2124e72,entry_ʒynga,
sense_d2125e89,entry_marʒæ,
sense_d2131e72,entry_cyppæræm,
sense_d2133e72,entry_ænsaræ,
sense_d2137e76,entry_ænqævzyn,
sense_d2140e71,entry_cʼilobi,
sense_d2142e74,entry_ʒæxxor,
sense_d2144e69,entry_lyq,
sense_d2150e78,entry_læsyn,
sense_d2151e72,entry_casm,
sense_d2153e69,entry_ird,
sense_d2154e74,entry_7lx0yj,
sense_d2156e74,entry_ixsyjyn,
sense_d2160e69,entry_ægær,
sense_d2161e72,entry_gaja,
sense_d2163e69,entry_kozbaw,
sense_d2164e72,entry_lyst6æg9,
sense_d2168e71,entry_razaǧd,
sense_d2178e79,entry_amond,
sense_d2180e74,entry_lægoj,
sense_d2182e72,entry_cʼyrt,
sense_d2187e76,entry_7fsærm,
sense_d2189e72,entry_cʼæpo,
sense_d2190e72,entry_faz,
sense_d2195e69,entry_ajdaǧ,
sense_d2198e74,entry_ræsæn,
sense_d2202e72,entry_goren,
sense_d2209e77,entry_nyǧ0ylyn,
sense_d2210e72,entry_qabaq,
sense_d2215e74,entry_ræstad,
sense_d2222e72,entry_aǧ0yst,
sense_d2225e76,entry_fīppajyn,
sense_d2228e72,entry_bydyr,
sense_d2230e72,entry_lakʼon,
sense_d2240e72,entry_kʼefun,
sense_d2243e76,entry_qyzyn,1
sense_kʼūl.1,entry_kʼūl,1
sense_d2244e92,entry_kʼūl,
sense_d2248e72,entry_asxawun,
sense_d2251e72,entry_barysḱʼī,
sense_d2253e72,entry_dyrǧ,
sense_d2255e69,entry_mal,
sense_d2256e72,entry_ændaǧd,
sense_d2259e69,entry_maʒal,
sense_d2263e72,entry_æʒūx,
sense_d2266e72,entry_gabaz,
sense_d2270e69,entry_aræn,
sense_d2272e76,entry_awærdyn,
sense_d2277e76,entry_otid,
sense_d2278e69,entry_qæz,
sense_d2280e76,entry_ardawyn,
sense_d2286e69,entry_ʒængæræg,
sense_d2292e74,entry_pys,
sense_d2293e74,entry_fælǧændun,
sense_d2295e72,entry_fag,
sense_d2301e72,entry_ʒosæ,
sense_d2302e76,entry_fælīvyn,
sense_d2303e72,entry_æmxæst,
sense_d2306e76,entry_pīllon,
sense_d2311e72,entry_bungard,
sense_d2317e76,entry_æssonyn,
sense_d2321e72,entry_æxxwyrst,
sense_d2322e72,entry_7fsæn,
sense_d2328e72,entry_-qūs,
sense_d2331e69,entry_æǧdaw,
sense_d2334e72,entry_qyrmyz,
sense_d2336e72,entry_kʼ0yxʒy,
sense_d2338e71,entry_pʼaræ,
sense_d2339e69,entry_masinæ,
sense_d2343e69,entry_kʼæbæl,
sense_d2346e72,entry_abælti,
sense_d2348e71,entry_fælxærst,
sense_d2350e69,entry_qellaw,
sense_d2356e72,entry_gamxūd,
sense_d2358e78,entry_ræcūǧyn,
sense_d2369e80,entry_dyværccyg,
sense_d2372e72,entry_ævvong,
sense_d2375e69,entry_cæskom,
sense_d2376e76,entry_qarū,
sense_d2378e76,entry_cyrxyn,
sense_d2387e69,entry_mingi6j9,
sense_d2391e86,entry_aǧ0yjyn,
sense_d2393e71,entry_arxajyn,
sense_d2396e72,entry_qabaǧ,
sense_d2397e72,entry_qolo,
sense_d2399e76,entry_domyn,
sense_d2402e74,entry_mæg0yræg,
sense_d2403e76,entry_ozer,
sense_d2405e69,entry_aǧommæ,
sense_d2416e72,entry_ninæǧ,
sense_d2419e72,entry_gūppar,
sense_d2429e72,entry_qæne,
sense_d2431e69,entry_cong,
sense_d2434e72,entry_nyv,1
sense_d2434e191,entry_nyv,2
sense_d2441e69,entry_kæsæg,
sense_d2443e74,entry_dīx,
sense_d2449e72,entry_būtʼro,
sense_d2451e78,entry_axidd,
sense_d2452e72,entry_godoræ,
sense_d2458e72,entry_ænʒyg,
sense_d2460e69,entry_kæron,
sense_d2461e72,entry_kivzu,
sense_d2469e76,entry_ægajtyma,
sense_d2471e69,entry_fæstæ_1,
sense_d2481e72,entry_fark,
sense_d2485e72,entry_æddæ,
sense_d2489e74,entry_ændysnæg,
sense_d2490e72,entry_kʼ0yrf,
sense_cæwyn.1,entry_cæwyn,1
sense_cæwyn.2,entry_cæwyn,2
sense_d2492e69,entry_mærdæǧdaw,
sense_d2493e72,entry_axxæræg,
sense_d2497e76,entry_rædaʒun,
sense_d2502e72,entry_gæxxæt6t9,
sense_d2503e71,entry_læmæǧ,
sense_d2505e72,entry_mīǧ,
sense_d2509e69,entry_amal,
sense_færsyn.4,entry_færsyn,4
sense_d2521e72,entry_kærnæ,
sense_d2525e76,entry_pyxcyl,
sense_d2527e76,entry_qæwyn,
sense_d2533e74,entry_cyrv,
sense_d2534e71,entry_mysalǧ,
sense_d2538e69,entry_æmrast,
sense_d2545e71,entry_qawǧa,
sense_d2547e72,entry_bæǧæmzæng,
sense_d2551e77,entry_ong_1,
sense_d2553e72,entry_ʒansaq,
sense_d2565e72,entry_myrmyrag,
sense_d2566e72,entry_ʒævgar,
sense_d2567e72,entry_faron,
sense_d2571e72,entry_rīftag,
sense_d2576e72,entry_g0yxxæl,
sense_d2579e69,entry_arf,
sense_d2583e72,entry_mūgæ,
sense_d2588e69,entry_bolat,
sense_d2589e72,entry_kæræʒī,
sense_d2591e80,entry_kafyn,
sense_d2605e69,entry_qazajrag,
sense_d2609e72,entry_ælǧīn,
sense_d2613e72,entry_avar,
sense_d2614e72,entry_ciǧæwagæ,
sense_d2617e69,entry_fæzzygon,
sense_d2618e74,entry_oǧ0yr6syʒ9,
sense_d2620e71,entry_cʼax,
sense_d2621e69,entry_æxcul,
sense_d2624e76,entry_ræsyjyn,
sense_d2627e72,entry_qūsxos,
sense_d2630e72,entry_qompal,
sense_d2631e72,entry_q0ydy,
sense_d2634e69,entry_komʒag,
sense_d2637e69,entry_gænæn,
sense_d2643e72,entry_ævdīsæn,
sense_d2646e72,entry_fældūræǵǵyn,
sense_d2649e72,entry_kʼæpy_2,
sense_d2650e72,entry_qæn,
sense_d2650e132,entry_qæn,
sense_d2657e72,entry_ǧulæg,
sense_d2665e72,entry_būc,
sense_d2669e72,entry_æng0yr,
sense_d2670e71,entry_niat,
sense_d2672e74,entry_mæntæg,
sense_d2675e74,entry_æntʼysnæg,
sense_d2678e76,entry_7lǧītyn,
sense_d2687e74,entry_kʼwælxun,
sense_d2692e90,entry_mes,
sense_daryn.1,entry_daryn,1
sense_daryn.2,entry_daryn,2
sense_d2705e69,entry_gærztæ,
sense_d2710e69,entry_dada,
sense_d2711e72,entry_migænæn,
sense_d2713e72,entry_gogyz,
sense_d2714e69,entry_gæzæmæ,
sense_d2718e72,entry_īvtong,
sense_d2720e72,entry_būd,
sense_d2724e74,entry_læqwæn,
sense_d2725e76,entry_ræʒæxsun,
sense_d2726e69,entry_fæstag,
sense_d2727e71,entry_pælæz,
sense_d2729e78,entry_fælmæcyn,
sense_d2730e72,entry_gūkk,
sense_d2733e72,entry_medæggonæ,
sense_d2734e72,entry_bandon,
sense_d2737e72,entry_gormon,
sense_d2742e69,entry_kælæn,
sense_d2743e76,entry_arǧawyn,
sense_d2748e72,entry_gældær,
sense_d2754e69,entry_æna,
sense_d2758e71,entry_fælmas,
sense_d2769e72,entry_næw_1,
sense_d2770e72,entry_myddar,
sense_d2771e69,entry_qæbær,
sense_d2780e71,entry_cæræccag,
sense_d2785e74,entry_aw,
sense_d2787e74,entry_qærtun,
sense_d2788e72,entry_nikʼæd,
sense_d2796e72,entry_ḱʼīw,
sense_d2802e74,entry_æmyr,
sense_d2808e72,entry_qwatæ,
sense_d2811e74,entry_ræbyn,
sense_d2811e113,entry_ræbyn,
sense_d2817e69,entry_cʼæxsnag,
sense_d2821e74,entry_qwa,
sense_d2824e69,entry_azar,
sense_d2825e72,entry_mæj,1
sense_d2828e78,entry_q0yzyn,
sense_d2831e74,entry_kīnæ,
sense_d2837e72,entry_gæbaz,
sense_d2842e69,entry_kʼæbæda,
sense_d2843e72,entry_qorǧ,
sense_d2845e72,entry_pʼæstu,
sense_d2847e74,entry_qūzg,
sense_d2851e74,entry_qody,
sense_d2854e74,entry_ʒæbīdyr,
sense_d2855e72,entry_beǧeli,
sense_d2857e74,entry_læppū,
sense_d2861e76,entry_æfsnajyn,
sense_d2864e72,entry_qædræbyn,
sense_d2865e72,entry_æncoj,
sense_d2869e72,entry_ænvæjnæ,
sense_d2871e72,entry_kʼūs,
sense_d2878e69,entry_qiamæt,
sense_d2880e71,entry_læw-,
sense_d2885e72,entry_livzæ,
sense_d2888e69,entry_cærdæg,
sense_d2889e72,entry_qyst,
sense_d2891e76,entry_rætʼūzyn,
sense_d2910e74,entry_laz,
sense_d2911e76,entry_fælyndyn,
sense_cyma.1,entry_cyma,1
sense_cyma.2,entry_cyma,2
sense_d2915e76,entry_æxxælyn,
sense_d2917e69,entry_qær,
sense_d2919e72,entry_mīnas,
sense_d2920e72,entry_geruz,
sense_d2925e72,entry_cʼysym,
sense_d2929e72,entry_nyllæg,
sense_d2931e72,entry_æfsīn,
sense_d2932e77,entry_læfīnæ,
sense_d2934e72,entry_mīnīwæg,
sense_d2938e76,entry_ræmyxsyn,
sense_d2952e76,entry_axsyn_1,
sense_d2954e74,entry_læx,
sense_d2961e72,entry_kʼūx,
sense_d2965e76,entry_ræwes,
sense_d2973e72,entry_g0yr_2,
sense_d2978e69,entry_ævvæz,
sense_d2982e76,entry_byryn,
sense_d2985e72,entry_qapp,
sense_d2990e72,entry_kælmærzæn,
sense_d2993e72,entry_gūbakk,
sense_d2999e69,entry_baræn,
sense_d3001e74,entry_byru,
sense_d3002e80,entry_nyrong,
sense_d3004e72,entry_guboræ,
sense_d3010e72,entry_arǧonaq,
sense_d3014e74,entry_fændyn,
sense_d3016e76,entry_mæxsyn,
sense_d3018e72,entry_būrxīl,
sense_d3019e76,entry_mærzyn,
sense_d3027e69,entry_kʼæj,
sense_d3029e72,entry_qyg,
sense_d3031e72,entry_namys,
sense_d3032e72,entry_kʼærīs,
sense_d3035e74,entry_iʒulun,
sense_d3037e76,entry_fældæxyn,
sense_d3047e74,entry_7rǧom,
sense_d3048e69,entry_æǧnæg,
sense_d3052e71,entry_razdær,1
sense_d3052e91,entry_razdær,2
sense_d3054e72,entry_binonyg,
sense_d3056e72,entry_æmbūdyn,
sense_d3068e74,entry_ræǧæjmag,
sense_d3071e76,entry_ænkʼ0ysyn,
sense_d3073e72,entry_ʒykkū,
sense_d3074e74,entry_fældajun,
sense_d3078e72,entry_æftawænqæd,
sense_d3081e72,entry_ærdxord,
sense_d3084e72,entry_cilpæ,
sense_d3089e72,entry_ʒy,
sense_d3095e72,entry_majmaiddær,
sense_d3101e69,entry_æcc-,
sense_d3107e72,entry_alḱī,
sense_d3112e69,entry_mulk,
sense_d3113e72,entry_æʒæstxez,
sense_d3116e69,entry_arabb,
sense_d3122e72,entry_ævzar,
sense_d3127e72,entry_mænæw,
sense_d3129e72,entry_aīpp,
sense_d3133e72,entry_cigon,
sense_d3136e76,entry_mærzæzduxt,
sense_d3137e72,entry_arǧ0yc,
sense_d3139e84,entry_avinsun,
sense_d3142e72,entry_jæxs,
sense_d3143e69,entry_ræsuǧd,
sense_d3148e69,entry_ænaqīnon,
sense_d3151e74,entry_abyræg,
sense_d3152e71,entry_gon,
sense_d3153e72,entry_divil6tæ9,
sense_d3157e78,entry_7rǧævsyn,
sense_d3162e72,entry_mæcʼ,
sense_d3163e76,entry_prang,
sense_d3168e74,entry_fælkʼwærun,
sense_d3172e72,entry_kʼūlættag,
sense_d3177e69,entry_adærgæj,
sense_d3180e69,entry_æda,
sense_d3185e74,entry_mæstægær,
sense_d3186e74,entry_qæl,
sense_d3196e69,entry_ræstæg,1
sense_d3201e72,entry_gælir,
sense_d3203e72,entry_naz,
sense_d3204e72,entry_madard,
sense_d3206e72,entry_fydʒyx,
sense_d3207e69,entry_kʼaddær,
sense_d3208e72,entry_ran,
sense_d3210e72,entry_cʼymara,
sense_d3211e74,entry_idujun,
sense_d3215e76,entry_myrxyn,
sense_d3219e74,entry_ælǧ,
sense_d3220e76,entry_cævyn,
sense_d3223e72,entry_fænykg0yz,
sense_d3233e69,entry_ajnæg,
sense_d3249e74,entry_ravg,
sense_d3250e74,entry_fynʒ,
sense_d3257e69,entry_cæj,
sense_d3259e72,entry_qæræj,
sense_d3268e74,entry_lægʒīnad,
sense_d3271e72,entry_gælx0yr,
sense_d3272e72,entry_byræn,
sense_d3274e71,entry_pælæxsar,
sense_d3282e72,entry_lyg,
sense_d3284e74,entry_cæmædīs,
sense_gædy_1.1,entry_gædy_1,1
sense_gædy_1.2,entry_gædy_1,2
sense_d3287e72,entry_nyvyl,
sense_d3289e72,entry_mækʼur,
sense_d3290e72,entry_īwgænʒon,
sense_d3291e74,entry_lænk,
sense_d3297e72,entry_bar,
sense_d3298e69,entry_faw,
sense_d3300e72,entry_ilivd,
sense_d3301e74,entry_nyrykkon,
sense_d3307e72,entry_ʒoda,
sense_d3313e72,entry_mydgæs,
sense_d3320e72,entry_kʼwælli,
sense_d3331e72,entry_ʒyqq,
sense_d3334e76,entry_aftid,
sense_d3336e76,entry_g0yryn,
sense_d3348e74,entry_æmpursun,
sense_d3350e74,entry_oræza,
sense_d3355e72,entry_mæstælǧæd,
sense_d3356e82,entry_arvīston,
sense_d3362e72,entry_qorraǧ,
sense_d3368e72,entry_fæstīat,
sense_d3370e76,entry_gærdyn,
sense_d3374e72,entry_næw_2,
sense_d3377e72,entry_kʼ0ypp,
sense_d3383e72,entry_g0yrʒ,
sense_d3385e72,entry_qændīl,
sense_d3386e76,entry_ævværsyn,
sense_d3387e74,entry_qawǵydær,
sense_d3388e69,entry_æm-,
sense_d3391e82,entry_monc,
sense_d3396e76,entry_e,
sense_d3402e72,entry_luxmaxakem,
sense_d3411e72,entry_qædkʼ0yr,
sense_d3424e72,entry_ḱīz,
sense_d3427e72,entry_fælm,
sense_d3428e72,entry_fætkʼ0y,
sense_d3432e72,entry_cūr,
sense_d3434e74,entry_æftiag,
sense_d3436e72,entry_ḱʼybyla,
sense_d3440e69,entry_fæstīnon,
sense_d3441e69,entry_ændæra,
sense_d3446e72,entry_færsyssad,
sense_d3448e69,entry_cæxgær_2,
sense_d3452e76,entry_ævdælyn,
sense_d3456e76,entry_æzmīlyn,
sense_d3457e69,entry_bælæǧ,
sense_d3458e69,entry_qwæl,
sense_d3459e69,entry_caw,
sense_d3462e72,entry_mystūlæg,
sense_d3463e72,entry_cikʼæ,
sense_d3468e69,entry_abazi,
sense_d3469e69,entry_kond,
sense_d3470e74,entry_qazt,
sense_d3471e72,entry_fælæ,
sense_d3472e76,entry_fasyn,
sense_d3475e72,entry_bæznag,
sense_d3488e72,entry_ḱʼyldym,
sense_d3489e84,entry_nymæc,
sense_d3490e76,entry_ænʒaryn,
sense_d3499e72,entry_cʼūs,
sense_d3500e72,entry_byræǧ_2,
sense_d3501e72,entry_dūg,
sense_d3504e76,entry_ræʒæǧdun,
sense_d3505e72,entry_fadyg,
sense_d3520e72,entry_kʼela,
sense_d3523e74,entry_galwan,
sense_d3525e72,entry_kæmpustæg,
sense_d3526e69,entry_réwa,
sense_d3528e69,entry_ǧædæræxsnæg,
sense_d3536e72,entry_niqoq,
sense_d3539e72,entry_kʼabaz,
sense_d3546e72,entry_byrc_2,
sense_d3548e69,entry_dæ,
sense_d3550e72,entry_ærræstæ,
sense_d3559e72,entry_ræwagæ,
sense_d3560e72,entry_bæzn,
sense_d3571e74,entry_q0ymiag,
sense_d3573e71,entry_rædæng_2,
sense_d3584e72,entry_dard,
sense_d3585e69,entry_qen,
sense_d3586e74,entry_lækʼun,
sense_d3589e79,entry_7lqīvyn,
sense_d3593e74,entry_bos,
sense_d3596e72,entry_ænʒalm,
sense_d3599e72,entry_æddag,
sense_d3602e72,entry_næxī,
sense_d3603e71,entry_Rom,
sense_d3612e74,entry_qaraǧul,
sense_d3622e69,entry_cæf,
sense_d3623e69,entry_gænax,
sense_d3627e69,entry_æwwæl,
sense_d3628e74,entry_puxcæ_2,
sense_d3632e72,entry_qabyl,
sense_d3639e69,entry_ærnæg,
sense_d3642e72,entry_myx0yr,
sense_d3654e72,entry_muræ,
sense_d3659e72,entry_bælas,
sense_d3664e69,entry_lolo,
sense_d3666e72,entry_ryg,
sense_d3673e74,entry_lækʼærdæ,
sense_d3674e72,entry_rox_1,
sense_d3677e72,entry_qūlon,
sense_d3680e80,entry_færank,
sense_d3684e74,entry_bæǧæmvad,
sense_d3687e72,entry_q0ymac,
sense_d3688e79,entry_raǧ,2
sense_d3691e69,entry_fændag,
sense_d3694e72,entry_idæwun,
sense_d3695e72,entry_cænk0yl,
sense_d3698e69,entry_arfæ,
sense_d3700e72,entry_kʼænʒy,
sense_d3701e69,entry_qædqīwtæ,
sense_d3702e69,entry_alǧ,
sense_d3703e69,entry_gæmæl,
sense_d3706e72,entry_ævellon,
sense_d3721e71,entry_rædæng_1,
sense_d3725e72,entry_qælʒæg,
sense_d3726e72,entry_aftæmæj,
sense_d3735e76,entry_ræxojyn,
sense_d3737e78,entry_ævzæryn,
sense_æftyn.1,entry_æftyn,1
sense_d3744e69,entry_æʒæm,
sense_d3745e69,entry_karz,
sense_d3748e74,entry_læg0yn,
sense_d3751e72,entry_ænxwæcæj,
sense_d3754e71,entry_rajʒast,
sense_d3755e72,entry_gorcʼe,
sense_d3773e72,entry_mīdæg,
sense_d3775e76,entry_8caryn,
sense_d3780e78,entry_læmaryn,
sense_d3781e72,entry_dælærdæm,
sense_d3783e72,entry_ærygon,
sense_d3789e74,entry_læǵyxaj,
sense_cyrt.1,entry_cyrt,1
sense_d3795e69,entry_æmbajlag,
sense_d3799e69,entry_fæstæwæz,
sense_d3810e72,entry_q0yrdūxæn,
sense_d3811e69,entry_mængard,
sense_d3813e72,entry_æmʒwarǵyn,
sense_d3814e76,entry_cymyn,
sense_d3821e76,entry_næmyn,
sense_d3830e74,entry_kænæ,
sense_d3831e76,entry_ælvasyn,
sense_d3832e74,entry_fecawun,
sense_d3833e72,entry_gūkkū,
sense_d3839e72,entry_nykkænd,
sense_d3841e74,entry_ox_2,
sense_d3847e76,entry_ævdūlyn,
sense_d3852e69,entry_ærdong,
sense_d3860e69,entry_gæmæx,
sense_d3862e69,entry_cadæg,
sense_d3876e72,entry_mæng,
sense_d3879e71,entry_razmæ,1
sense_d3879e100,entry_razmæ,2
sense_d3880e76,entry_aly,
sense_d3884e74,entry_læǧz,1
sense_d3884e103,entry_læǧz,2
sense_d3891e72,entry_færdyg,
sense_d3898e80,entry_nyʒævyn,
sense_d3899e69,entry_awwon,
sense_d3900e69,entry_nærton,
sense_d3902e72,entry_æmgar,
sense_d3907e74,entry_azun,
sense_d3913e72,entry_būz,
sense_d3917e72,entry_fys,
sense_d3919e72,entry_ærxu,
sense_d3920e69,entry_næræmon,
sense_d3923e76,entry_agūryn,
sense_d3925e69,entry_lamaz,
sense_d3926e76,entry_ʒynazyn,
sense_d3927e69,entry_færsmæ,
sense_d3928e72,entry_bulǧaq,
sense_d3929e71,entry_nyxīlyn,
sense_d3932e69,entry_gæppæl,
sense_d3936e74,entry_æmbal,
sense_d3938e72,entry_fælxæn,
sense_d3941e72,entry_byd,
sense_d3949e72,entry_ænūvyd,
sense_d3951e72,entry_fæskʼaw,
sense_d3956e72,entry_fadqūl,
sense_d3963e69,entry_dæw,
sense_d3966e72,entry_īs,
sense_d3968e72,entry_æʒynæg,
sense_d3974e72,entry_cijes,
sense_d3977e72,entry_amættag,
sense_d3987e69,entry_akkag,
sense_d3990e72,entry_erǵen,
sense_d3992e72,entry_bazyg,
sense_d3993e72,entry_daǧytʼajlag,
sense_d4000e69,entry_eblaǧwæ,
sense_d4002e69,entry_ældar,
sense_d4004e69,entry_donmaræn,
sense_d4005e72,entry_cūx,
sense_ḱʼīrppa.3,entry_ḱʼīrppa,3
sense_d4016e76,entry_fædyn,
sense_d4029e69,entry_ændær,
sense_d4030e72,entry_qæd_1,1
sense_d4034e74,entry_rad,
sense_d4038e69,entry_kʼopp,
sense_d4040e69,entry_fu,
sense_d4042e69,entry_xærz-,
sense_d4055e72,entry_bynæj,
sense_d4059e74,entry_qyncʼym,
sense_d4062e84,entry_næ_2,
sense_d4065e69,entry_kæstær,
sense_d4072e72,entry_ærǧæ,
sense_d4073e72,entry_7rtaw,
sense_d4074e72,entry_æxxæst,
sense_d4075e72,entry_ævdiǧd,
sense_d4079e72,entry_falʒūs,
sense_d4081e69,entry_ʒæbæx,
sense_d4084e74,entry_byzyḱʼi,
sense_d4094e79,entry_7rǧævyn,1
sense_d4094e148,entry_7rǧævyn,2
sense_d4095e74,entry_onæxsar,
sense_d4098e72,entry_nawæd,
sense_d4103e72,entry_kʼozæ,
sense_d4105e72,entry_æbwalǧ,
sense_d4117e78,entry_eǧaw,
sense_d4123e74,entry_rægænun,
sense_d4127e69,entry_fæstæmæ,
sense_d4129e72,entry_myggag,
sense_d4129e92,entry_myggag,2
sense_d4129e112,entry_myggag,3
sense_d4136e72,entry_cʼykk,
sense_d4146e74,entry_æstæfun,
sense_fæwyn.1,entry_fæwyn,1
sense_fæwyn.2,entry_fæwyn,2
sense_d4151e74,entry_qalǧæn,
sense_d4160e78,entry_obaw,1
sense_d4160e121,entry_obaw,2
sense_d4161e72,entry_cyraǧ,
sense_d4174e74,entry_ragiaw,
sense_d4178e72,entry_kælkæl,
sense_d4182e69,entry_kosa,
sense_d4188e72,entry_kʼ0yzyppa,
sense_d4194e72,entry_ʒyǧ0yr,
sense_d4199e76,entry_kærdyn,
sense_d4201e74,entry_oma,
sense_d4204e72,entry_īwdaʒyg,
sense_d4211e72,entry_bæston,
sense_d4213e75,entry_mækʼ0yl,
sense_d4215e69,entry_rag,
sense_d4216e72,entry_ærdīag,
sense_d4217e69,entry_kʼævda,
sense_d4218e74,entry_rīvad,
sense_d4219e72,entry_cavær,
sense_d4224e72,entry_bilcʼ,
sense_d4225e72,entry_fæsmyn,
sense_d4227e72,entry_dyvænd,
sense_d4231e72,entry_kʼæjnyx,
sense_d4236e72,entry_fydkond,
sense_d4238e72,entry_fyx,
sense_kom_1.1,entry_kom_1,1
sense_d4243e72,entry_ægomyg,
sense_d4244e76,entry_æjjafyn,
sense_d4244e105,entry_æjjafyn,
sense_d4251e72,entry_qæddag,
sense_d4258e72,entry_nyr,
sense_d4260e82,entry_kʼūbal,
sense_d4265e74,entry_ǵīʒæg,
sense_d4266e72,entry_dūdyn,
sense_d4273e72,entry_ḱyrǧæd,
sense_d4280e72,entry_fydvændag,
sense_d4281e72,entry_ag,
sense_d4283e74,entry_rawwat,
sense_d4285e72,entry_lacamarz,
sense_d4287e72,entry_7rdū,
sense_d4290e74,entry_cetun,
sense_d4291e74,entry_ætdor,
sense_d4296e69,entry_darǧ,
sense_d4304e74,entry_æmvars,
sense_d4306e72,entry_ʒylakʼ0y,
sense_d4307e74,entry_ʒaxana,
sense_d4312e72,entry_qīl,1
sense_d4314e74,entry_ændewun,
sense_d4317e76,entry_fælvaryn,
sense_d4319e74,entry_ævzīlyn,
sense_d4321e72,entry_īskæjon,
sense_d4323e76,entry_ævgænyn,
sense_d4324e72,entry_falgond,
sense_d4326e72,entry_ḱʼīllon,
sense_d4327e72,entry_qwari,
sense_d4331e72,entry_ævvaxs,
sense_d4332e76,entry_dawyn_2,
sense_d4333e71,entry_razdaræn,
sense_d4336e74,entry_nyxas,1
sense_d4336e94,entry_nyxas,2
sense_d4336e125,entry_nyxas,3
sense_d4342e69,entry_kʼærcc,
sense_d4343e71,entry_ǧaricund,
sense_d4346e76,entry_æfxæryn,
sense_d4348e72,entry_mydgærdæg,
sense_d4349e71,entry_molaʒan,
sense_d4353e88,entry_najyn,2
sense_d4363e69,entry_qaun,
sense_d4367e72,entry_roxst,
sense_d4378e76,entry_færsūʒyn,
sense_d4383e72,entry_gulu,
sense_ʒwar.2,entry_ʒwar,2
sense_d4398e69,entry_mætʼæl,
sense_d4400e69,entry_arǧ,
sense_d4403e76,entry_pyrx,
sense_dændag.1,entry_dændag,1
sense_dændag.2,entry_dændag,2
sense_d4409e69,entry_ærdæg,
sense_d4413e72,entry_ʒūg,
sense_d4414e72,entry_nywazæn,
sense_d4415e74,entry_ʒænqa,
sense_d4417e72,entry_q0yrmæ,
sense_d4424e84,entry_rūʒyng,2
sense_d4431e72,entry_æxxormag,
sense_d4434e69,entry_ævæd,
sense_d4440e76,entry_nyǧūlyn,
sense_d4447e74,entry_mæq6q9yl,
sense_d4449e69,entry_arvan,
sense_d4454e72,entry_aīv,
sense_d4456e71,entry_pitri,
sense_d4461e69,entry_dær,
sense_d4463e72,entry_cæqal,
sense_d4464e76,entry_æntʼæryn,
sense_d4469e72,entry_qærgænæg,
sense_d4471e72,entry_lysq0yn,
sense_d4473e79,entry_komkommæ,
sense_d4474e71,entry_becaw,
sense_d4475e69,entry_nomxæssæn,
sense_d4480e72,entry_7rǧævæg,
sense_d4485e72,entry_qæbatyr,
sense_d4491e78,entry_7fsæryn,
sense_d4492e71,entry_nos,
sense_d4496e72,entry_laǧz,
sense_d4503e76,entry_ivæzyn,
sense_d4508e72,entry_fædīs,
sense_d4509e72,entry_ændarg,
sense_d4511e69,entry_bast,
sense_d4514e76,entry_nyxæsyn,
sense_d4515e72,entry_fydq0yn,
sense_d4519e72,entry_ḱʼymbys,
sense_d4528e72,entry_evʒi,
sense_d4529e74,entry_ǵeǵǵyn,
sense_d4531e72,entry_æǧǧæd,
sense_d4538e72,entry_ræwonæ,
sense_d4539e72,entry_dīsny,
sense_d4546e76,entry_ærttīvyn,
sense_d4547e72,entry_ībon,
sense_d4553e77,entry_razvælǧaw,
sense_d4556e69,entry_mæǧælda,
sense_d4558e72,entry_kʼam,
sense_d4560e72,entry_fæltær,
sense_d4564e76,entry_kæsyn,
sense_d4574e72,entry_fælvyx,
sense_d4577e74,entry_læppyn,
sense_d4578e69,entry_mard,
sense_d4579e80,entry_ong_2,
sense_d4581e74,entry_kʼwæd,
sense_d4591e76,entry_amajyn,
sense_d4598e74,entry_pysyra,
sense_d4609e72,entry_ryǧd,
sense_d4610e69,entry_au1,
sense_d4614e76,entry_nymūʒyn,
sense_d4615e74,entry_molun,
sense_d4626e74,entry_ræǧ,
sense_d4626e103,entry_ræǧ,
sense_d4627e69,entry_cʼammar,
sense_d4628e72,entry_kūl,
sense_d4631e72,entry_kʼuduron,
sense_d4636e72,entry_erys,
sense_d4638e69,entry_fælxas,
sense_d4658e72,entry_æwwændyn,
sense_d4662e76,entry_æwwajyn,
sense_d4663e73,entry_fal-,
sense_d4668e72,entry_gag0y,
sense_d4669e72,entry_æssyr,
sense_d4675e72,entry_nīcy,
sense_d4679e80,entry_nyxsyn,
sense_d4680e72,entry_mysatyr,
sense_d4682e72,entry_g0ylf,
sense_d4686e69,entry_kævdæs,
sense_d4691e71,entry_paraxat,
sense_d4694e71,entry_ærvæʒæg,
sense_d4695e72,entry_emlyk,
sense_d4697e75,entry_kocora,
sense_d4698e72,entry_dyson,
sense_d4701e76,entry_fælgæsyn,
sense_d4706e74,entry_razʒog,
sense_d4707e72,entry_ænīw,
sense_d4708e69,entry_ærra,
sense_d4712e69,entry_æntæf,
sense_d4715e71,entry_æssīvyn,
sense_d4721e72,entry_acawun,
sense_d4722e72,entry_qūgom,
sense_d4723e72,entry_rævʒ,
sense_d4725e76,entry_irtasyn,
sense_d4728e72,entry_qaztizær,
sense_d4730e78,entry_læbūryn,
sense_d4731e69,entry_dængæl,
sense_d4735e76,entry_ræmpæg,
sense_d4736e72,entry_færnyg,
sense_d4737e69,entry_faxs,
sense_æxxwyrsyn.2,entry_æxxwyrsyn,2
sense_d4740e76,entry_davyn,
sense_d4751e72,entry_gædy_2,
sense_d4758e78,entry_læwwyn,1
sense_d4758e135,entry_læwwyn,3
sense_d4758e206,entry_læwwyn,4
sense_d4758e226,entry_læwwyn,5
sense_d4762e76,entry_qazyn,
sense_d4772e69,entry_qal_1,
sense_d4784e76,entry_ænqīzyn,
sense_d4797e72,entry_æǧwyst,
sense_d4798e69,entry_īwgær,
sense_d4810e72,entry_mylazon,
sense_d4812e72,entry_fydæx,
sense_d4817e72,entry_donzonyg,
sense_d4822e72,entry_æmtgæj,
sense_d4831e72,entry_æddæmæ,
sense_d4840e74,entry_kʼærī6d9,
sense_d4842e72,entry_lyskʼ,
sense_d4846e71,entry_kʼobala,
sense_d4856e72,entry_dyvzagon,
sense_d4857e74,entry_romyl,
sense_d4861e72,entry_kʼældym,
sense_d4863e69,entry_7ræf,
sense_d4871e71,entry_caldæn,
sense_d4872e72,entry_fædyl,
sense_d4872e92,entry_fædyl,
sense_d4873e74,entry_æzgelun,
sense_d4874e72,entry_fælgonc,
sense_d4876e72,entry_ʒilagæ,
sense_d4883e72,entry_ḱʼylbys,
sense_d4887e71,entry_iblis,
sense_d4889e72,entry_kʼærta,
sense_d4901e69,entry_fælʒæǧdæn,
sense_d4902e72,entry_nyvʒæg,
sense_d4903e72,entry_ingyn,
sense_d4905e72,entry_kaʒī,
sense_d4906e72,entry_byǧ,
sense_d4911e72,entry_ædæwagæ,
sense_d4913e73,entry_peltʼ,
sense_d4916e72,entry_bæg0y,
sense_d4918e69,entry_gaʒraxatæj,
sense_d4923e72,entry_rūd,
sense_d4925e72,entry_ærqīs,
sense_d4927e74,entry_pakʼ0y,
sense_d4936e74,entry_ʒyx,
sense_d4937e72,entry_nægæ,
sense_d4940e74,entry_gakk_2,
sense_d4945e76,entry_kælyn,
sense_d4950e72,entry_cʼapp,
sense_d4957e69,entry_æmbaj,
sense_d4958e72,entry_qulaj,
sense_d4962e74,entry_ǵītyn,
sense_d4965e72,entry_qontxora,
sense_d4968e69,entry_kʼæbær,
sense_d4977e72,entry_kʼobos,
sense_d4981e71,entry_naxætbos,
sense_d4982e72,entry_fæsūs,
sense_fædg.3,entry_fædg,3
sense_d4996e81,entry_ræw,
sense_d4997e76,entry_nyg0ylyn,
sense_d5004e72,entry_mīsyn,
sense_d5006e74,entry_læxūræg,
sense_d5010e72,entry_cʼæl,
sense_d5019e72,entry_bærn,
sense_d5020e72,entry_ḱyzg,
sense_d5021e71,entry_lekʼ,
sense_d5022e72,entry_axil,
sense_d5025e72,entry_mætyx,
sense_d5027e86,entry_æntʼūxyn,
sense_d5030e69,entry_ræxsnæg,
sense_d5036e69,entry_qallæ,
sense_d5045e72,entry_nozt,
sense_d5046e71,entry_rast,
sense_d5049e71,entry_dæl-,
sense_d5051e69,entry_mællæg,
sense_d5053e76,entry_ændavyn,
sense_d5054e72,entry_īppæryn,
sense_d5059e69,entry_baba,
sense_d5062e72,entry_nivesinæ,
sense_d5073e72,entry_q0ym,
sense_d5080e72,entry_ʒubandi,
sense_d5085e69,entry_æxst,
sense_d5090e69,entry_bæz-,
sense_d5095e71,entry_ragacaw,
sense_d5097e72,entry_qælæs,
sense_d5099e69,entry_ædærsgæ,
sense_d5099e89,entry_ædærsgæ,
sense_d5108e69,entry_ævǧaw,
sense_d5109e72,entry_daw,
sense_d5116e72,entry_aryq,
sense_d5127e72,entry_nūry,
sense_d5134e69,entry_dælgom,
sense_d5146e72,entry_nwar,
sense_d5147e72,entry_kʼydyr,
sense_d5148e72,entry_nad_2,
sense_d5149e72,entry_kæræf,
sense_d5155e72,entry_k0y,
sense_d5156e69,entry_gakʼon,
sense_kʼada.1,entry_kʼada,1
sense_d5163e72,entry_fysym,
sense_d5173e76,entry_īrǧævyn,
sense_d5178e69,entry_gocora,
sense_ǧæcun.1,entry_ǧæcun,1
sense_ǧæcun.2,entry_ǧæcun,2
sense_d5184e74,entry_iværzun,
sense_d5185e72,entry_ædonug,
sense_d5193e71,entry_jæ,
sense_dune.1,entry_dune,1
sense_dune.2,entry_dune,2
sense_d5196e69,entry_ʒæǧæl,
sense_d5201e76,entry_æncʼūxyn,
sense_d5205e74,entry_æppæt,
sense_d5215e76,entry_fæʒæxsyn,
sense_d5217e72,entry_fydæbon,
sense_bon.2,entry_bon,2
sense_d5223e76,entry_qavyn,
sense_d5227e72,entry_fyn,
sense_d5232e76,entry_fæzmyn,
sense_d5236e69,entry_bæǧnæg,
sense_d5240e76,entry_īsyn,
sense_d5252e76,entry_kajyn,
sense_d5254e76,entry_fæltæryn,
sense_d5255e72,entry_gomgærc,
sense_d5256e72,entry_ǧunkonbos,
sense_d5262e72,entry_fīw,
sense_d5269e72,entry_gajla,
sense_d5275e98,entry_mynæg,
sense_d5282e72,entry_ḱynʒ,
sense_d5285e69,entry_ænaqæl,
sense_d5287e69,entry_bærkʼa,
sense_d5290e72,entry_magūsa,
sense_d5291e76,entry_æmbūlyn,
sense_d5299e72,entry_fæz,
sense_d5303e74,entry_bynʒyg,
sense_d5313e72,entry_nywazīnag,
sense_d5314e69,entry_æcægælon,
sense_d5318e76,entry_mast,1
sense_d5318e112,entry_mast,3
sense_d5318e144,entry_mast,
sense_d5324e76,entry_rimæxsun,
sense_d5327e72,entry_cʼūla,
sense_d5329e72,entry_næwynon,
sense_d5333e72,entry_ǧæla,
sense_d5338e74,entry_læǵirttæg,
sense_d5352e72,entry_qyrǧy,
sense_d5353e69,entry_bædæjnag,
sense_d5355e72,entry_giriz,
sense_d5357e80,entry_bæzzyn,
sense_d5365e76,entry_byxsyn,
sense_d5368e69,entry_ængæs,
sense_d5370e76,entry_puxcæ_1,
sense_d5379e76,entry_īrvæzyn,
sense_d5380e72,entry_babæj,
sense_d5385e72,entry_dūǧ,
sense_d5387e74,entry_pazbun,
sense_d5392e73,entry_oǧulli,
sense_d5394e72,entry_kʼ0ynʒīx,
sense_d5401e74,entry_irdgæ,
sense_d5405e69,entry_aqaz,
sense_d5407e74,entry_fæsnomyg,
sense_d5413e69,entry_qonc,
sense_d5414e76,entry_kalyn,
sense_æftawyn.1,entry_æftawyn,1
sense_æftawyn.3,entry_æftawyn,3
sense_d5416e72,entry_kæcy,
sense_d5419e72,entry_bas,
sense_d5421e74,entry_rīzæg,
sense_d5422e76,entry_ivazyn,
sense_d5425e72,entry_dūryn,
sense_d5426e72,entry_mīdbynat6y9,
sense_d5427e74,entry_dasun,
sense_d5436e69,entry_astæw,
sense_d5442e69,entry_8æx,
sense_d5444e76,entry_lūxyn,
sense_d5446e72,entry_qæbys,
sense_d5450e72,entry_komʒog,
sense_d5451e69,entry_kʼært6t9,
sense_d5453e76,entry_ælvæsyn,
sense_d5454e72,entry_iræd,
sense_d5455e79,entry_kæd,
sense_d5457e74,entry_pysylmon,
sense_d5462e72,entry_mæg0yr,
sense_d5463e72,entry_kʼælæs,
sense_d5466e76,entry_fællajyn,
sense_d5483e72,entry_qazwat,
sense_d5486e69,entry_ʒaǵǵyn,
sense_d5489e69,entry_æʒæskom,
sense_d5490e72,entry_mutaka,
sense_d5492e72,entry_æʒælgæd,
sense_d5493e72,entry_æmbīsond,
sense_d5496e74,entry_afun,
sense_d5503e74,entry_maraʒ,
sense_d5507e69,entry_fars,
sense_d5508e74,entry_æncajyn,
sense_d5510e72,entry_cædīs,
sense_d5511e72,entry_mīl,1
sense_d5512e72,entry_nidæn,
sense_d5516e106,entry_bīkʼ,
sense_d5517e72,entry_qæw,
sense_d5518e73,entry_paka,
sense_d5527e69,entry_cægær,
sense_d5530e72,entry_cʼylyn,
sense_d5533e69,entry_fastag,
sense_d5534e76,entry_bajdajyn,
sense_d5536e76,entry_kʼ0yryn,
sense_d5539e72,entry_fyccag,
sense_d5540e69,entry_adæm,
sense_d5542e72,entry_aslam,
sense_d5546e72,entry_cʼīst,
sense_d5549e76,entry_ordæg,
sense_d5551e72,entry_g0yl,
sense_d5557e76,entry_æmpʼūxyn,
sense_d5558e72,entry_fīdæn,
sense_d5560e69,entry_naræg,
sense_d5561e76,entry_komyn,
sense_d5572e76,entry_qūsyn,
sense_d5574e76,entry_abūzyn,
sense_d5578e72,entry_fydwag,
sense_d5581e72,entry_awæʒ,
sense_d5587e72,entry_kʼ0yzyr,
sense_d5589e76,entry_7rdūzyn,
sense_fīdawyn.2,entry_fīdawyn,2
sense_d5592e72,entry_ævzīst,
sense_d5597e74,entry_nyx_2,
sense_d5602e69,entry_ronbast,
sense_d5604e69,entry_qaltaqq,
sense_d5605e72,entry_8mær,1
sense_d5607e72,entry_cʼar,
sense_d5609e71,entry_læzæryn,
sense_d5616e69,entry_æmbond,
sense_d5623e71,entry_nalmas,
sense_d5625e69,entry_mærdʒæst,
sense_d5626e75,entry_bedun,
sense_d5627e72,entry_ax0yr,
sense_d5627e92,entry_ax0yr,
sense_d5634e76,entry_ændaʒyn,
sense_d5635e74,entry_g0ymīry,
sense_d5644e69,entry_loko,
sense_d5648e72,entry_gykʼyna,
sense_d5649e72,entry_bæzǵyn,
sense_d5654e72,entry_baler,
sense_d5657e72,entry_ḱesa,
sense_d5659e72,entry_7fson,
sense_d5662e72,entry_mæt,
sense_d5667e72,entry_avg,
sense_d5670e76,entry_abūxyn,
sense_d5671e72,entry_mantʼyly,
sense_d5675e72,entry_qæbūl,
sense_d5690e74,entry_æmх0уzоn,
sense_d5692e72,entry_nystwan,
sense_d5697e72,entry_dælbazyr,
sense_d5703e72,entry_balc,
sense_d5710e72,entry_næj_1,
sense_gaga.1,entry_gaga,1
sense_d5724e74,entry_lymæn,
sense_d5725e69,entry_gæs,
sense_d5729e74,entry_pīræn,
sense_d5732e72,entry_æmxæræfyrt,
sense_d5736e76,entry_fæjlawyn,
sense_d5739e76,entry_qaryn_1,
sense_d5743e72,entry_cʼīw,
sense_d5757e72,entry_ʒyllæ,
sense_d5760e72,entry_mæsty,
sense_d5771e69,entry_alfamblaj,
sense_d5772e93,entry_lami,
sense_d5776e69,entry_fæsaræn,
sense_d5777e76,entry_nymajyn,
sense_d5780e72,entry_bæzærxyg,
sense_d5790e74,entry_ærxūd,
sense_d5792e69,entry_næ_1,
sense_d5793e72,entry_g0ybyr,
sense_d5797e72,entry_cʼyxyry,
sense_d5821e69,entry_æʒær6æg9,
sense_d5825e72,entry_kʼūxmærzæn,
sense_d5829e69,entry_ittæg,
sense_asadyn.2,entry_asadyn,2
sense_d5836e74,entry_qwaz,
sense_d5840e171,entry_ræxsyn,2
sense_d5843e92,entry_æmæ,
sense_d5847e84,entry_cʼiryn,
sense_d5850e69,entry_cæg,
sense_d5854e74,entry_Asy,
sense_d5855e72,entry_ḱyryn,
sense_d5858e69,entry_aræx,
sense_d5879e107,entry_lasyn,2
sense_d5879e196,entry_lasyn,3
sense_d5879e237,entry_lasyn,6
sense_d5887e76,entry_ḱʼityn,
sense_d5893e76,entry_fycyn,
sense_d5895e72,entry_qæstæ_2,
sense_d5898e71,entry_razæj,1
sense_d5898e91,entry_razæj,2
sense_d5900e72,entry_qæræw,
sense_d5901e69,entry_kʼæxæn,
sense_d5909e72,entry_æmgæron,
sense_d5914e69,entry_carm,
sense_d5919e72,entry_cymgæ,
sense_d5922e72,entry_kæʒos,
sense_d5926e80,entry_qawyn,
sense_d5937e72,entry_nymætkʼ0y,
sense_kʼozo.2,entry_kʼozo,2
sense_d5943e72,entry_ǵix,
sense_d5944e74,entry_nomʒyd,
sense_d5946e72,entry_ræzty,
sense_d5952e72,entry_dyǵyzæ,
sense_d5953e72,entry_mæstǵyn,
sense_d5953e96,entry_mæstǵyn,
sense_d5957e72,entry_æg0yppæg,
sense_cʼūpp.1,entry_cʼūpp,1
sense_cʼūpp.2,entry_cʼūpp,2
sense_d5960e72,entry_qybyl,
sense_d5968e72,entry_ænaqom,
sense_d5972e72,entry_qan_2,
sense_d5974e69,entry_aǧd,
sense_d5975e74,entry_aqazzag,
sense_d5975e94,entry_aqazzag,
sense_d5976e69,entry_fændon,
sense_d5977e73,entry_damǧæ,
sense_d5978e72,entry_qūzon,
sense_d5981e73,entry_pæux,
sense_d5985e74,entry_cūpal,
sense_d5988e76,entry_on,
sense_d5990e72,entry_ryn,
